Date,Open,High,Low,Close,Volume,Dividends,Stock Splits,rsi,macd,macd_signal,macd_diff,sma_10,sma_30,daily_return,volatility_10,bb_high,bb_low
2025-06-30 00:00:00-04:00,180.265759020371,180.7144759247823,174.08339834249907,175.72869873046875,63378900,0.0,0.0,,,,,,,,,,
2025-07-01 00:00:00-04:00,175.24009156508697,175.5890868180728,173.0363714854685,175.3397979736328,35904500,0.0,0.0,,,,,,,-0.002213074811601712,,,
2025-07-02 00:00:00-04:00,175.0406481826668,178.35121133766924,174.57199915363273,178.1318359375,29128900,0.0,0.0,,,,,,,0.015923583784937634,,,
2025-07-03 00:00:00-04:00,177.99224872548783,179.158918782044,176.54637635874988,179.01931762695312,21689700,0.0,0.0,,,,,,,0.004982162142900259,,,
2025-07-07 00:00:00-04:00,178.5506411042797,178.78996387462078,175.18025102838192,176.28709411621094,34175600,0.0,0.0,,,,,,,-0.015262171406751124,,,
2025-07-08 00:00:00-04:00,177.3440914457585,177.44379785510552,172.3184197808512,173.864013671875,40442500,0.0,0.0,,,,,,,-0.013745081320238994,,,
2025-07-09 00:00:00-04:00,174.75147104078383,178.92955429499338,172.27853009035698,176.11756896972656,43025600,0.0,0.0,,,,,,,0.012961597114079071,,,
2025-07-10 00:00:00-04:00,175.1303863111691,177.92240891673904,173.8839422139032,177.11471557617188,29252400,0.0,0.0,,,,,,,0.005661823589086179,,,
2025-07-11 00:00:00-04:00,176.28707682895777,180.91387676081473,175.97796112386152,179.6774139404297,34282900,0.0,0.0,,,,,,,0.014469144226221475,,,
2025-07-14 00:00:00-04:00,180.49507959550704,183.14751640721383,179.16886118965368,181.04351806640625,32536600,0.0,0.0,,,,,177.2323974609375,,0.007603093210310163,,,
2025-07-15 00:00:00-04:00,182.28996266650833,183.6959553275124,181.08341324296111,181.48226928710935,33448300,0.0,0.0,,,,,177.80775451660156,,0.00242345721840298,0.010906792508451429,,
2025-07-16 00:00:00-04:00,182.71874486155863,183.80564050002505,181.51218023918355,182.4495086669922,33104200,0.0,0.0,,,,,178.5187255859375,,0.005329663243039073,0.01074427095306508,,
2025-07-17 00:00:00-04:00,181.6218637248093,183.53640005379037,179.96658229342344,183.05776977539065,31992600,0.0,0.0,,,,,179.01131896972657,,0.0033338599420877912,0.009900900148131268,,
2025-07-18 00:00:00-04:00,184.87259850820493,185.88970124039065,183.1874187229756,184.5335693359375,34014500,0.0,0.0,76.8832924714952,,,,179.562744140625,,0.008061933467001348,0.010024289202345483,,
2025-07-21 00:00:00-04:00,185.720180506412,189.74868135121883,185.62045888710105,189.55923461914065,45803100,0.0,0.0,83.84806045554348,,,,180.88995819091798,,0.02723442299029122,0.010384095863741442,,
2025-07-22 00:00:00-04:00,190.95526385169356,191.1048310792618,186.92676263021804,190.79571533203125,44660200,0.0,0.0,85.04212815972404,,,,182.5831283569336,,0.00652292522374287,0.007346508299417361,,
2025-07-23 00:00:00-04:00,190.95523422678897,191.9823029377756,188.64182669674165,189.6888427734375,58681900,0.0,0.0,79.38449340363007,,,,183.94025573730468,,-0.005801349137571132,0.008611607504141998,,
2025-07-24 00:00:00-04:00,196.46951227536783,197.38689334762464,190.45666688872916,191.6233367919922,74881700,0.0,0.0,81.67860142723835,,,,185.39111785888673,,0.01019824882829412,0.008624434858020641,,
2025-07-25 00:00:00-04:00,191.43387927305903,193.77720042486192,190.71592620592727,192.6304626464844,39785900,0.0,0.0,82.75455911140747,,,,186.6864227294922,,0.005255757839064623,0.008336461686461898,,
2025-07-28 00:00:00-04:00,193.0991291078416,193.49800038051387,190.29712498462092,192.0321807861328,38139500,0.0,0.0,79.75803492267211,,,,187.78528900146483,,-0.003105852792606112,0.00892009420206242,194.9495744286021,170.06811203380028
2025-07-29 00:00:00-04:00,191.8825979241875,195.36267559548023,191.53360267868564,195.1931610107422,41389200,0.0,0.0,83.21600893437103,,,,189.15637817382813,,0.01646067972393528,0.009396086715920876,196.6717384951849,170.29239419524475
2025-07-30 00:00:00-04:00,195.04360005779435,197.0379108346005,194.13618500265545,195.970947265625,32445400,0.0,0.0,83.94288399327316,,,,190.5085220336914,,0.003984700339168201,0.009437737409719761,198.2120226467032,170.8152249729257
2025-07-31 00:00:00-04:00,195.1532854842243,195.43248777249184,190.5464172970437,191.35411071777344,51329200,0.0,0.0,65.74252919656226,,,,191.3381561279297,,-0.023558780585949624,0.013586160285445617,198.85358450787302,171.49589058978322
2025-08-01 00:00:00-04:00,188.49228886934085,190.28717167835873,187.2857393250735,188.59201049804688,34832200,0.0,0.0,57.68440426224615,,,,191.74400024414064,,-0.014434496386651285,0.014748293745368783,199.10521971009942,172.20152467466622
2025-08-04 00:00:00-04:00,189.7486955367273,194.7145404143055,189.57918094353215,194.4851837158203,31547400,0.0,0.0,66.98303823687198,,,,192.2365951538086,,0.031248265513530216,0.015536590212116135,199.81828489364378,173.3082684510828
2025-08-05 00:00:00-04:00,194.1561209300893,197.2971541323202,193.33844625639605,194.11622619628903,31602300,0.0,0.0,66.00510753910228,4.15535199534321,,,192.5686462402344,,-0.0018970983417965215,0.015533163231852032,199.85387064178624,175.2979039553817
2025-08-06 00:00:00-04:00,193.94672263242092,196.0706684741306,193.11908183595835,195.53219604492188,21562900,0.0,0.0,67.93963131633986,4.209812656723528,,,193.15298156738282,,0.007294443521692173,0.015368994618781077,200.09571192928925,176.99752537539823
2025-08-07 00:00:00-04:00,196.49942519635405,196.9780554903085,193.77719542929833,195.96096801757812,26321800,0.0,0.0,68.52374914896737,4.238710225062789,,,193.5867446899414,,0.002192845891004769,0.01516793758379181,200.19811317230375,178.77974937652436
2025-08-08 00:00:00-04:00,196.6589662331496,202.03363260270996,196.60910542589713,200.84701538085935,39161800,0.0,0.0,74.27544367585527,4.602816540062548,,,194.4083999633789,,0.02493377845961109,0.016778598979849634,201.35264605491938,179.74217663795173
2025-08-11 00:00:00-04:00,200.36839577051535,200.90685295750995,198.5037201599992,200.42822265625,25832400,0.0,0.0,73.04341721146116,4.802223304095662,,,195.2480041503906,186.75523020426434,-0.0020851329247547623,0.016731498390252376,202.2150912440775,180.81820190777793
2025-08-12 00:00:00-04:00,200.79715378526663,203.91825467935456,200.0193738844048,202.7615509033203,30397900,0.0,0.0,75.48344933063032,5.0898619303369514,,,196.00484313964844,187.6563252766927,0.011641715004738318,0.016412331776767142,203.30816719157016,181.8530541219064
2025-08-13 00:00:00-04:00,203.5493232968563,203.94817934449617,196.94814463612107,201.385498046875,28342900,0.0,0.0,71.37998091880719,5.147445105592055,,,196.54629821777343,188.5245152791341,-0.006786557166853724,0.016758297841237415,203.84594273242286,183.20887751904198
2025-08-14 00:00:00-04:00,200.9268104830451,203.85844975532365,200.65757426824428,202.3627166748047,25230400,0.0,0.0,72.5223848720059,5.211854548198346,,,197.64715881347655,189.33221130371095,0.0048524776481284615,0.01395688937974496,204.31279799706817,184.6725169443381
2025-08-15 00:00:00-04:00,203.270115954676,205.8527445549316,200.70741950553764,203.31996154785156,34931400,0.0,0.0,73.63266363564053,5.2792848472560365,4.86083206130656,0.41845278594947644,199.11995391845704,190.1422327677409,0.004730342074746652,0.012074391785800815,204.84757301533514,186.01638114726254
2025-08-18 00:00:00-04:00,203.61911775674488,204.68608127587703,201.91399064284568,202.92111206054688,18526600,0.0,0.0,72.32139858629783,5.240135010239811,4.93669265109321,0.3034423591466009,199.9635467529297,191.03003336588543,-0.0019616838615760246,0.00903600497800117,205.64929379334734,186.55084811339094
2025-08-19 00:00:00-04:00,202.45245084896237,202.86128819689205,199.39119181596232,200.99661254882812,24240200,0.0,0.0,66.19586033912469,4.996224094147095,4.948598939703987,0.04762515444310811,200.6515853881836,191.93445332845053,-0.009483978735265963,0.009891374811324561,206.06078034190085,187.15945128651714
2025-08-20 00:00:00-04:00,200.15898342104597,200.70742189093835,196.04074228977996,198.7530059814453,28955500,0.0,0.0,59.83327268487596,4.56921160927871,4.872721473618932,-0.30350986434022165,200.97366638183593,192.6889678955078,-0.011162409848264332,0.010792426718702425,205.99814691751902,188.12850103169973
2025-08-21 00:00:00-04:00,199.18179321289065,201.90402322277677,198.8626961782015,199.18179321289065,19774600,0.0,0.0,60.6124595707247,4.216792129804503,4.741535604856046,-0.524743475051543,201.29574890136718,193.4245371500651,0.0021573874031639573,0.010792247931445365,206.05743206871915,188.82506152258946
2025-08-22 00:00:00-04:00,202.15329588435108,207.9467659198768,200.7273710651735,205.5037384033203,42827000,0.0,0.0,69.88749597650805,4.396940106891094,4.672616505263056,-0.2756763983719619,201.76142120361328,194.28541463216146,0.031739573624947726,0.012500722158692452,207.08232475265714,189.08749641433502
2025-08-25 00:00:00-04:00,205.84277405344864,209.92115104730735,204.69605147341804,207.8969268798828,29928900,0.0,0.0,72.52506755479426,4.6788837268768475,4.673869949585814,0.00501377729103325,202.50829162597657,195.18052825927734,0.011645474165855152,0.012710038694631207,208.38417677544052,189.3721190009267
2025-08-26 00:00:00-04:00,206.9196780429189,207.2587223876649,205.11482949587528,206.5507354736328,28464100,0.0,0.0,68.87074595909725,4.739070624921226,4.686910084652897,0.052160540268328504,202.8872100830078,196.01614379882812,-0.006475282855084252,0.012749282651318554,209.35221329554003,189.53983992711625
2025-08-27 00:00:00-04:00,205.11485047791405,208.31572581537765,205.0649896678173,206.88978576660156,23022900,0.0,0.0,69.29044134150678,4.759265846190885,4.701381236960495,0.05788460923039018,203.43763885498046,196.83081970214843,0.0016414867378287124,0.01238267080740554,210.268495141262,189.7154419314919
2025-08-28 00:00:00-04:00,206.66043741838072,211.61630051242363,206.31142697470577,211.03794860839844,32339300,0.0,0.0,73.92280556449539,5.051759242301159,4.771456838028628,0.28030240427253084,204.30516204833984,197.76349232991535,0.020050109416597905,0.013544962129031963,211.5219027912773,190.4304180705391
2025-08-29 00:00:00-04:00,209.91116980825524,214.03939239893296,209.60205408045064,212.30435180664065,39728400,0.0,0.0,75.15497233808627,5.3243744460387745,4.882040359630658,0.4423340864081169,205.20360107421874,198.6891850789388,0.00600083163522469,0.013555525500352992,212.19083930116577,192.13271569151001
2025-09-02 00:00:00-04:00,207.84706876322787,211.0778424398192,205.6134352460792,210.7487945556641,47523000,0.0,0.0,70.73383009812265,5.353195187395869,4.9762713251837,0.3769238622121689,205.98636932373046,199.39550374348957,-0.0073270153802278415,0.013936786701425534,213.01977681672395,192.9301392599362
2025-09-03 00:00:00-04:00,225.5665071716633,230.6519900738744,224.1505332557257,230.00384521484375,103336100,0.0,0.0,83.5969235796623,6.850785904149831,5.351174240976927,1.499611663172904,208.88709259033203,200.70244140625,0.09136493852682004,0.03019630802657756,219.54891593627724,189.9897620422384
2025-09-04 00:00:00-04:00,228.99670478436465,231.70896837288984,225.46678177531555,231.63917541503903,51684200,0.0,0.0,84.23084220235906,8.07649402123306,5.896238197028154,2.180255824204906,212.17570953369142,202.1007858276367,0.007110012437695268,0.029037568824121764,224.81561488309717,188.33376103243017
2025-09-05 00:00:00-04:00,231.5394894431058,235.08936036459093,231.2403397689098,234.33152770996097,46588900,0.0,0.0,85.24206076441885,9.159541372716745,6.5488988321658725,2.610642540550873,215.69068298339843,203.524392191569,0.011623043857317716,0.028696041021518744,229.69620245363598,187.29022943112966
2025-09-08 00:00:00-04:00,235.01017746372744,237.66498669397225,233.21368944217105,233.5829620361328,32474700,0.21,0.0,83.63617952361335,9.843985866448833,7.207916239022465,2.6360696274263677,218.49860534667968,204.88947550455728,-0.003194472724791342,0.028793005952978613,233.64716467931478,186.6128618709782
2025-09-09 00:00:00-04:00,233.71268917705035,240.00038899582756,232.77452245999913,239.1620330810547,38061000,0.0,0.0,85.78552821447668,10.713103477754629,7.908953686768898,2.804149790985731,221.62511596679687,206.4604705810547,0.02388475168004267,0.028977054497604786,238.29264545776232,185.84076213501112
2025-09-10 00:00:00-04:00,238.4334648921733,241.1880848518513,237.38552753776509,238.70294189453125,35141100,0.0,0.0,84.79849433714124,11.235326771131923,8.574228303641503,2.6610984674904206,224.84033660888673,207.91079661051432,-0.001919582220510141,0.0286451177815347,242.13854729895326,185.58899939294128
2025-09-11 00:00:00-04:00,239.41155563146188,241.77692250779663,235.78863959738683,239.9005889892578,30599300,0.0,0.0,85.27448997015426,11.611976962717563,9.181778035456714,2.4301989272608484,228.14141693115235,209.37511800130207,0.0050173118321086285,0.028490674161609896,245.60681151635185,185.97224426978096
2025-09-12 00:00:00-04:00,239.90060472674395,241.60727216892425,237.53523769524105,240.32977294921875,26771600,0.0,0.0,85.45031042165338,11.808979941959961,9.707218416757364,2.1017615252025976,231.0705993652344,211.00764007568358,0.0017890075291984164,0.02873379465305371,248.65632113627976,186.71944027729444
2025-09-15 00:00:00-04:00,244.18224230445617,251.91710844331664,244.18224230445617,251.11866760253903,58383800,0.0,0.0,89.00444800078948,12.689404300412377,10.303655593488367,2.3857487069240104,234.95203094482423,213.09186197916668,0.04489204363206367,0.030209847211250307,253.52080065402214,186.63483136502083
2025-09-16 00:00:00-04:00,251.5877420091143,252.54585880051692,248.98283818718852,250.66954040527344,34109700,0.0,0.0,88.04031009708855,13.198759057817881,10.88267628635427,2.316082771463611,238.94410552978516,214.9646738688151,-0.0017885058150135524,0.029755039878962282,257.4500101151857,187.48046473832994
2025-09-17 00:00:00-04:00,250.72942686827483,251.10868968975305,245.7990711050268,249.042724609375,34108000,0.0,0.0,84.47096443740912,13.317638487362274,11.369668726555872,1.9479697608064015,240.84799346923828,216.7955571492513,-0.006489882230079735,0.015649423620657014,260.2220650231343,189.51302103643604
2025-09-18 00:00:00-04:00,251.18851917528045,253.49402106561865,249.3122007412932,251.537841796875,31239500,0.0,0.0,85.44559231697438,13.458050368915707,11.78734505502784,1.6707053138878667,242.83786010742188,218.66241200764975,0.01001883187478625,0.01565616749816513,262.548859454815,192.4647101862983
2025-09-19 00:00:00-04:00,252.7554493770865,255.5000791334024,251.3182589953225,254.2225799560547,55571400,0.0,0.0,86.43231639167865,13.628858729054059,12.155647789833084,1.4732109392209747,244.82696533203125,220.6044657389323,0.010673297266133419,0.01563719954313486,264.60904722321146,195.90860109221825
2025-09-22 00:00:00-04:00,253.93314887572123,255.28051872493555,249.81122418035432,252.036865234375,32290500,0.0,0.0,81.58303620490344,13.433009304309905,12.41112009272845,1.0218892115814562,246.67235565185547,222.3107940673828,-0.00859764196420909,0.016162574786340363,266.20955321820634,198.96140778032887
2025-09-23 00:00:00-04:00,252.54585863312587,253.8632882566711,249.9908602190898,251.16856384277344,26628000,0.0,0.0,79.67071197855631,13.057217087823517,12.540339491747464,0.5168775960760534,247.87300872802734,224.00213877360025,-0.003445136451741382,0.015424571559257857,267.2915758013678,202.20654889345644
2025-09-24 00:00:00-04:00,251.16857220037895,251.857227232966,245.9587643866249,246.6573944091797,28201000,0.0,0.0,70.43343704425168,12.254127423932687,12.483097078184509,-0.2289696542518218,248.6684539794922,225.4653335571289,-0.017960724720382015,0.016981426185366282,266.95807533145853,206.5507152569204
2025-09-25 00:00:00-04:00,243.92272782855147,246.0086580355356,240.26988667693965,245.3100128173828,31020400,0.0,0.0,67.90117516891816,11.377794512718964,12.2620365650914,-0.8842420523724357,249.2093963623047,226.92948404947916,-0.005462563143603605,0.017193324584605735,265.76344620519353,211.58736708826348
2025-09-26 00:00:00-04:00,246.58752699597628,248.93292875938775,245.4896689933639,246.0585479736328,18503200,0.0,0.0,68.57707542947472,10.621259628788323,11.933881177830784,-1.3126215490424613,249.7822738647461,228.3860117594401,0.0030513844406638846,0.01719327730486809,264.5020217818866,216.35085144809386
2025-09-29 00:00:00-04:00,247.3659922504587,250.6595356626835,242.295910900337,243.5734100341797,32505800,0.0,0.0,63.77563800267078,9.70924825015365,11.488954592295357,-1.7797063421417079,249.02774810791016,229.72779337565103,-0.010099782998473361,0.008935201538573977,262.3286854260935,221.65109362664091
2025-09-30 00:00:00-04:00,242.33584768941728,242.8149061000678,238.78280195485732,242.6252899169922,34724300,0.0,0.0,61.99232417272918,8.808429203411805,10.952849514518647,-2.144420311106842,248.22332305908202,231.0512659708659,-0.0038925435951915333,0.008928010055212385,258.0192625286746,229.14816606019264
2025-10-01 00:00:00-04:00,240.2798631456683,245.8190281456035,238.1440427490887,244.4217529296875,31658200,0.0,0.0,64.0438891573445,8.145585926169076,10.391396796848733,-2.245810870679657,247.76122589111327,232.49877065022787,0.00740426941193939,0.009429715025324711,257.3262910271231,231.28292833322848
2025-10-02 00:00:00-04:00,244.6712510924991,246.32801300536264,241.82682587144092,245.210205078125,25483300,0.0,0.0,64.9384036769854,7.596333547849497,9.832384147048886,-2.2360505991993893,247.1284622192383,234.0473439534505,0.0032257855079875775,0.00869746397814218,256.6366512937729,233.3296710328872
2025-10-03 00:00:00-04:00,244.0125741538274,245.8190372139174,241.18809864914255,244.8708953857422,30249600,0.0,0.0,64.19821363959579,7.052372266892235,9.276381771017556,-2.2240095041253216,246.19329376220702,235.5703140258789,-0.0013837502899796128,0.00740672346345067,256.09332902488825,234.92693006935
2025-10-06 00:00:00-04:00,244.30198799944455,250.82922509816828,244.10238160883648,249.94094848632812,28894700,0.0,0.0,69.74714031240705,6.950271541779955,8.811159725170036,-1.860888183390081,245.98370208740235,237.05155436197916,0.020705004948011974,0.010437276356258665,255.53689635193038,237.1191613873274
2025-10-07 00:00:00-04:00,247.78518329877943,249.9509439013372,245.0405534911293,245.2800750732422,23181300,0.0,0.0,60.46871062977836,6.419265156767409,8.332780811489512,-1.9135156547221026,245.3948532104492,238.29765930175782,-0.018647898398852725,0.01187574820294408,255.25821518486498,238.0096467536116
2025-10-08 00:00:00-04:00,244.4816510919942,245.52958847857047,243.3438778825467,244.14230346679688,21307100,0.0,0.0,58.4254552684021,5.839318087006745,7.834088266592959,-1.9947701795862134,245.14334411621093,239.55071156819662,-0.004638662990075981,0.010603594347720256,254.8270060203857,238.98479207531742
2025-10-09 00:00:00-04:00,243.99259549865823,244.2820224803224,238.68297718710045,241.0583343505859,27892100,0.0,0.0,53.1800363224067,5.072384036334057,7.281747420541179,-2.209363384207122,244.71817626953126,240.68966318766277,-0.0126318506560269,0.011168139775620676,254.69388726619326,239.23368536564266
2025-10-10 00:00:00-04:00,240.9585114020794,243.61332042411627,235.37943159764913,236.10801696777344,33180300,0.0,0.0,46.035434514441484,4.0188077206671835,6.62915948056638,-2.6103517598991965,243.7231231689453,241.52533213297525,-0.020535765320658483,0.012470208700114645,255.37498054794932,238.13041648574207
2025-10-13 00:00:00-04:00,239.74092459803205,244.02254038501275,239.2419009980627,243.6732177734375,24995000,0.0,0.0,55.80683115491263,3.7510496148766777,6.05353750742844,-2.3024878925517624,243.73310394287108,242.57096099853516,0.03204127035930604,0.0166263095606621,254.858262029388,237.90259002139325
2025-10-14 00:00:00-04:00,240.75892736637323,246.63742490132327,240.04033214741565,244.97068786621097,22111600,0.0,0.0,57.23696937544865,3.6020225067449303,5.563234507291739,-1.9612120005468086,243.96764373779297,243.7116907755534,0.005324631507020339,0.016631889268461767,254.3578744573744,237.83309233950058
2025-10-15 00:00:00-04:00,246.76716258187247,251.61767243328853,245.5096286311317,250.5397796630859,27007700,0.0,0.0,62.80140486834151,3.8884727219850674,5.228282150230405,-1.3398094282453377,244.5794464111328,244.39622192382814,0.02273370681767628,0.017934361434551415,254.56425073127969,237.77642157096642
2025-10-16 00:00:00-04:00,251.2783558282832,256.4582081692579,249.61161877856424,250.96896362304688,27997200,0.0,0.0,63.198832466793405,4.10282334643523,5.00319038947137,-0.9003670430361401,245.155322265625,245.0405481974284,0.0017130371892963847,0.017935056817885424,254.46642871641168,237.81735576845162
2025-10-17 00:00:00-04:00,250.27031046967195,253.72356048353365,247.32607427452788,252.80535888671875,29671600,0.0,0.0,64.92558190525526,4.37049911771976,4.876652135121048,-0.5061530174012878,245.94876861572266,245.65634256998698,0.007317220572461425,0.01793849095524151,254.1394063110025,238.0026560669272
2025-10-20 00:00:00-04:00,254.19265795496185,256.82748687148535,253.73354951664797,256.04901123046875,22350200,0.0,0.0,67.79955330715312,4.789163238111115,4.8591543557190615,-0.06999111760794641,246.55957489013673,246.40521087646485,0.012830631273142767,0.0172510960177265,255.08818463367408,237.45509234386498
2025-10-21 00:00:00-04:00,254.2425576881656,254.3822836916651,243.67322591369708,249.97091674804688,47312100,0.0,0.0,58.17945621078323,4.57773684109506,4.802870852794261,-0.22513401169920133,247.02865905761718,246.76550699869793,-0.023738011926751845,0.018004712369385726,254.9099225317846,237.51358973628183
2025-10-22 00:00:00-04:00,253.87326076642051,255.85936494298176,248.8031791754094,251.1985015869141,35029400,0.0,0.0,59.431474292224216,4.4578484335294775,4.733866368941305,-0.2760179354118275,247.7342788696289,247.18202565511066,0.004910910656476641,0.017863725525531223,255.40461817647522,237.4730048093646
2025-10-23 00:00:00-04:00,252.48597410141812,254.5419488781284,251.35819113136333,252.58578491210935,19901400,0.0,0.0,60.857628201136215,4.423783554016126,4.67184980595627,-0.24806625194014398,248.88702392578125,247.60486551920573,0.005522657644975171,0.017000617257098456,256.13847392094704,237.46672627436544
2025-10-24 00:00:00-04:00,256.07894057309267,261.16898745224296,254.82142179583195,259.4124450683594,28655100,0.0,0.0,67.00456598174223,4.891257936616626,4.715731432088341,0.17552650452828455,251.21746673583985,248.24095458984374,0.027027095600908213,0.015726710573026135,258.2900079658057,236.65058193897946
2025-10-27 00:00:00-04:00,264.30287916974333,269.61249783187736,263.76392512831256,268.7441711425781,35235200,0.0,0.0,73.20015201290997,5.946183160396657,4.961821777750004,0.9843613826466528,253.7245620727539,248.8284713745117,0.03597254584975551,0.016386203616855444,262.8075025743152,234.6501634413098
2025-10-28 00:00:00-04:00,269.1633281612099,270.2013056862688,265.9795554362353,266.9476623535156,29738600,0.0,0.0,70.45727438107316,6.561617513115095,5.281780924823023,1.2798365882920724,255.92225952148436,249.37107543945314,-0.006684828852006608,0.017184439476618858,265.7951143936809,234.09478886559643
2025-10-29 00:00:00-04:00,267.22712459889897,274.80229881772505,267.14729422835535,274.0338134765625,43580300,0.0,0.0,74.5138891286415,7.534296169498049,5.732283973758029,1.8020121957400201,258.271662902832,250.20411173502603,0.02654509524665838,0.017566803665135765,270.1982056841688,232.65290362979607
2025-10-30 00:00:00-04:00,291.02057063774566,291.02057063774566,279.5130879862653,280.9303283691406,74876000,0.0,0.0,77.72034725936992,8.760654753029428,6.337958129612309,2.422696623417119,261.2677993774414,251.1838612874349,0.025166656643881513,0.01802449977890761,275.70674641296404,230.71637523010236
2025-10-31 00:00:00-04:00,282.6569440736325,285.44150434001006,276.48901957648127,280.6408996582031,39267900,0.0,0.0,77.28091606634345,9.598552153464652,6.9900769343827776,2.6084752190818747,264.05135345458984,252.06447194417316,-0.001030250854785586,0.01842784657800275,280.09585408015505,229.90426799015748
2025-11-03 00:00:00-05:00,281.6289230119746,284.972386884343,279.2535660437013,283.1659240722656,29786000,0.0,0.0,78.42689707323957,10.347065715001918,7.661474690506606,2.685591024495312,266.7630447387695,253.10210723876952,0.00899735005531177,0.018417364122150743,284.4516693425205,228.87095028638575
2025-11-04 00:00:00-05:00,276.20955057551157,280.7207127582489,275.72051721535576,276.9980163574219,30078400,0.0,0.0,69.23940644769453,10.323565859010785,8.193892924207443,2.1296729348033416,269.465754699707,253.9630889892578,-0.02178195605651212,0.018022203356736134,286.86631990583743,229.6280938514868
2025-11-05 00:00:00-05:00,278.32544209852534,285.8607173914154,276.79843096748175,283.75482177734375,31010300,0.0,0.0,72.97444226140065,10.726511237712202,8.700416586908394,2.026094650803808,272.72138671875,255.19966990152994,0.02439297403199925,0.018404112475976172,290.1226507047485,230.33301488363043
2025-11-06 00:00:00-05:00,284.772762601716,287.78688430464956,280.59097331869594,284.19390869140625,37173600,0.0,0.0,73.20215831115993,10.954996616019287,9.151332592730574,1.8036640232887127,275.8821990966797,256.4957997639974,0.0015474165736186762,0.01861123889884047,292.65793284924564,232.11129017321528
2025-11-07 00:00:00-05:00,282.6569436244069,283.225837847663,274.65261591386644,278.2854919433594,34479600,0.0,0.0,65.23661008711046,10.537839418369913,9.428633957858443,1.10920546051147,277.7695037841797,257.57003122965494,-0.020790089327574424,0.020384052973213846,292.9743614126967,236.0126091073229
2025-11-10 00:00:00-05:00,283.8645774088431,290.2320924976737,282.30759586857965,289.5334777832031,29557300,0.0,0.0,71.57740654104704,10.988192741699208,9.740545714626597,1.2476470270726114,279.8484344482422,259.10203348795574,0.04041887258044019,0.02111593877312134,295.5759444068359,237.99705211416017
2025-11-11 00:00:00-05:00,287.18807388729897,291.34994399814246,286.75892091303916,290.7411193847656,19842100,0.0,0.0,72.16444898593112,11.31214817700544,10.054866207102366,1.2572819699030742,282.2277801513672,260.70589447021484,0.004170991247052891,0.020567413586810655,297.84065460099316,240.30938507185843
2025-11-12 00:00:00-05:00,291.11038092678234,291.43975353768866,283.1359940674285,286.15008544921875,24829900,0.0,0.0,66.53802057009725,11.070809720611976,10.258054909804288,0.8127548108076876,283.4394073486328,262.09683888753256,-0.01579079679290607,0.020855800004452724,299.2171527119391,242.49391753952577
2025-11-13 00:00:00-05:00,281.7886586854728,282.2876823136169,276.69861158680555,278.0260314941406,29494000,0.0,0.0,57.93074701079758,10.107491130489905,10.227942153941413,-0.12045102345150838,283.1489776611328,263.1906997680664,-0.028390884253361004,0.021821915743479494,299.19446939991894,245.22230763865525
2025-11-14 00:00:00-05:00,270.8799731285475,278.01600396166356,270.1713681999226,275.8702087402344,31647200,0.0,0.0,55.86553506930704,9.065594794550066,9.995472682063143,-0.9298778875130775,282.6719085693359,264.22401021321616,-0.007754032031895175,0.021932228756977246,298.86290474466097,247.86035727926486
2025-11-17 00:00:00-05:00,285.2219350622342,293.3759943011471,283.01625922074476,284.4634094238281,52670200,0.0,0.0,61.723120251103595,8.831480115287832,9.762674168708081,-0.9311940534202492,282.80165710449216,265.3747589111328,0.03114943336156073,0.024119691492492046,299.4186192629321,250.1460825803296
2025-11-18 00:00:00-05:00,287.3577289930973,288.23598483976616,277.65671014644306,283.7248229980469,49158700,0.0,0.0,60.97405972774817,8.488494710216173,9.5078382770097,-1.019343566793527,283.4743377685547,266.65625050862633,-0.002596419790078519,0.02286140732294605,298.5703757368949,254.3697167313668
2025-11-19 00:00:00-05:00,286.5992292728396,303.21670857801746,286.07026549054086,292.2381896972656,68198900,0.0,0.0,66.08341249284348,8.802167936263345,9.36670420886043,-0.5645362725970848,284.3226745605469,268.2594467163086,0.030005716839507368,0.023514495625565426,298.3608481450428,258.6832131342541
2025-11-20 00:00:00-05:00,303.94529376978943,305.8216273232207,288.1062900504894,288.884765625,62025200,0.0,0.0,62.60642416271491,8.680104094082367,9.229384185904818,-0.5492800918224514,284.79176025390626,269.8536610921224,-0.011474968674489383,0.023972139780869248,296.68757620238824,263.9863831481977
2025-11-21 00:00:00-05:00,295.84113571634185,303.32648898994427,293.2761473513388,299.0747985839844,74137700,0.0,0.0,68.09911653918435,9.29843158660509,9.243193666044874,0.05523792056021648,286.8706909179688,271.95255381266276,0.03527369446754425,0.024624299111681066,297.62581281019294,267.01438189195545
2025-11-24 00:00:00-05:00,310.52242205466104,318.85612204740676,308.9954110970811,317.9578552246094,85165100,0.0,0.0,75.3306110645707,11.183251871604625,9.631205307156824,1.5520465644478012,289.7131286621094,274.42870839436847,0.06313824076796082,0.028708297125950438,305.44945014976804,264.11211296058354
2025-11-25 00:00:00-05:00,325.5729598317621,328.187838552192,317.0296784660599,322.8083801269531,88632100,0.0,0.0,76.78630714058507,12.919454914778612,10.288855228681182,2.6305996860974297,292.91985473632815,277.02329813639324,0.015255244752224506,0.02868193622586913,312.5058307220924,262.6418041656029
2025-11-26 00:00:00-05:00,320.053780820363,323.86632857763385,316.1713929045335,319.3252258300781,51373400,0.0,0.0,73.43522253586812,13.854639236434537,11.002012030231853,2.8526272062026834,296.23736877441405,279.3161463419596,-0.010790160699995277,0.028204865197853406,317.5161085455487,262.1606675774982
2025-11-28 00:00:00-05:00,322.73852157316225,326.2117368304371,316.1713843298485,319.55474853515625,26018600,0.0,0.0,73.5172392736774,14.447755382451135,11.69116070067571,2.756594681775425,300.39024047851564,281.60233917236326,0.000718774110255449,0.024959386357771694,321.966951060857,261.57226707879147
2025-12-01 00:00:00-05:00,317.0796263275952,319.2254218425781,313.27706870792247,314.2751159667969,41183000,0.0,0.0,68.29398137269366,14.326633464248005,12.218255253390168,2.108378210857836,304.23073120117186,283.65133107503254,-0.016521840443809,0.02595407520863668,324.70986738446976,262.19277238603803
2025-12-02 00:00:00-05:00,316.1214443613123,317.75825630619534,313.29698432996054,315.1932678222656,35854700,0.0,0.0,68.71032207744418,14.141713779319957,12.602946958576126,1.538766820743831,307.3037170410156,285.62280629475913,0.0029214907856902617,0.02533879692872776,327.3051888500906,262.8001852954172
2025-12-03 00:00:00-05:00,315.2731421058358,320.9520026070636,313.4866291038915,319.0058288574219,41838300,0.0,0.0,70.44577829499322,14.139810475935064,12.910319662047915,1.2294908138871499,310.8318176269531,287.9239700317383,0.01209594691377136,0.02491140709011067,329.8965301902787,264.40962520522913
2025-12-04 00:00:00-05:00,321.6007694211511,321.73048997615604,314.0854750084747,316.999755859375,31240900,0.0,0.0,68.29921886828116,13.817153227274389,13.09168637509321,0.725466852181178,313.30797424316404,290.1173451741536,-0.006288515182409027,0.024649220541826514,332.04117125603625,265.58947754767473
2025-12-05 00:00:00-05:00,318.8661162174194,322.5289631420099,318.5467642354111,320.64263916015625,28851700,0.0,0.0,70.08202201849738,13.697499028217635,13.212848905718097,0.48465012249953787,316.4837615966797,292.3859069824219,0.01149175427881799,0.023637418545256243,334.4490160644574,266.82650578612856
2025-12-08 00:00:00-05:00,319.63392187795114,320.02342950621124,310.8154143139121,313.3121643066406,33909400,0.21,0.0,62.468805776911324,12.862888781061201,13.142856880786718,-0.27996809972551695,317.9074981689453,294.1825642903646,-0.022861821723760722,0.024075181511312656,334.99485493642607,269.783334150488
2025-12-09 00:00:00-05:00,311.96391713296777,317.57660631064704,311.4945269093235,316.66778564453125,30194000,0.0,0.0,64.37656206663783,12.33009112968989,12.980303730567353,-0.6502126008774631,317.7784912109375,295.78001810709634,0.01071015338749004,0.013272328972288716,336.35709221163876,271.1345276614081
2025-12-10 00:00:00-05:00,315.4194206321133,320.8923078304596,314.27092168020465,319.7937316894531,33428900,0.0,0.0,66.10502110491151,12.021506430578597,12.788544270569604,-0.7670378399910067,317.4770263671875,297.5415537516276,0.00987137368128388,0.012665330717067408,337.95111909959917,272.44576200391646
2025-12-11 00:00:00-05:00,319.66391441105065,320.70257104825845,308.19885677560706,312.02386474609375,42353700,0.0,0.0,58.506266268577875,11.022922121769568,12.435419840809598,-1.4124977190400294,316.74689025878905,298.8078887939453,-0.0242964954388305,0.014437496668633195,338.1590324938621,274.825226539341
2025-12-12 00:00:00-05:00,313.29221022339095,314.46067218572114,305.1627773855729,308.887939453125,35940200,0.0,0.0,55.7222398048863,9.864778869311749,11.921291646510028,-2.0565127771982787,315.6802093505859,299.73980916341145,-0.010050273864534609,0.01459504963984809,336.88574318143924,279.1847066476623
2025-12-15 00:00:00-05:00,310.91531224146183,311.0151883437652,304.4836813703359,307.8193359375,29151900,0.0,0.0,54.76589016003386,8.759737819908196,11.288980881189662,-2.5292430612814663,315.0346313476563,300.645757039388,-0.0034595184179638805,0.013844765231412145,334.43664477810984,284.82871777071824
2025-12-16 00:00:00-05:00,304.55358908476643,310.3660001485481,302.1966411442108,306.1714782714844,30585000,0.0,0.0,53.24820771114174,7.6626858127456785,10.563721867500867,-2.9010360547551883,314.1324523925781,301.41260884602866,-0.005353327337273561,0.013765884204492037,332.7685209734673,288.66764846012643
2025-12-17 00:00:00-05:00,307.60959033164653,307.6894729197007,295.7350329501308,296.3342590332031,43930400,0.0,0.0,45.196108135691865,5.931112639262665,9.637200021853227,-3.706087382590562,311.86529541015625,302.05715026855466,-0.0321297701987725,0.015445265977662983,330.84941324214645,291.8476997949629
2025-12-18 00:00:00-05:00,301.32777470817274,303.56485302569047,298.8410213827925,302.0668029785156,33518000,0.0,0.0,49.94618914517835,4.964172916196787,8.70259460072194,-3.738421684525152,310.3720001220703,302.6675496419271,0.019344857270350957,0.01759727396019256,329.82626979772397,293.85370456751036
2025-12-19 00:00:00-05:00,301.33777770154796,306.85059101726483,300.5787559089981,306.7607116699219,59943200,0.0,0.0,53.500153462316206,4.5244701465427966,7.866969709886111,-3.3424995633433143,308.9838073730469,303.4197764078776,0.015539306686872534,0.018051096408691385,327.56895338971225,297.89861558001434
2025-12-22 00:00:00-05:00,309.4771954426739,309.7268704705607,304.90313186415943,309.3773193359375,26429900,0.0,0.0,55.4011789892299,4.3371449967063995,7.161004767250169,-2.82385977054377,308.59032287597654,304.4561706542969,0.008529800481200889,0.0171662571516026,326.812111088259,299.68570995666295
2025-12-23 00:00:00-05:00,309.2274800840275,314.5305745464577,308.91788552805923,313.94134521484375,25478700,0.0,0.0,58.58186732457789,4.505035960858947,6.629811005971925,-2.124775045112978,308.3176788330078,305.26976623535154,0.014752296285657662,0.01751996555055231,326.44435865237233,299.651811391573
2025-12-24 00:00:00-05:00,314.360779810128,314.67037436380235,311.5145092668577,313.6816711425781,10097400,0.0,0.0,58.32698925375942,4.564520283579952,6.216752861493531,-1.652232577913579,307.7064727783203,306.0344512939453,-0.0008271420003246321,0.017123150228549214,325.22720734755853,299.95629179794923
2025-12-26 00:00:00-05:00,314.0712183432231,314.6804107746781,311.8740659325972,313.10247802734375,10899000,0.0,0.0,57.72373118226555,4.5129040453674065,5.875983098268307,-1.3630790529009005,307.8143341064453,306.9328643798828,-0.0018464359524886786,0.01521003503562248,324.53833609393047,300.0228882713039
2025-12-29 00:00:00-05:00,310.9652491009125,313.6117983030154,310.2162240166622,313.15240478515625,19621800,0.0,0.0,57.76428279327316,4.425017628070634,5.585790004228773,-1.160772376158139,308.24078063964845,308.10374348958334,0.0001594582008006551,0.014762985678398798,323.7677507289595,300.15323926127485
2025-12-30 00:00:00-05:00,312.09376543928346,316.5379928503015,312.0538089034933,313.4420166015625,17380900,0.0,0.0,58.01585598577224,4.328836134026403,5.3343992301883,-1.0055630961618967,308.8030487060547,309.35613708496095,0.0009248270553916527,0.0146650687624066,323.69898580797354,300.13869424573744
2025-12-31 00:00:00-05:00,312.4433102220648,314.17104176667254,311.03513952358344,312.5931091308594,16377700,0.0,0.0,56.94515058119556,4.136429682237349,5.09480532059811,-0.9583756383607609,309.44521179199216,310.293793741862,-0.0027083397430479605,0.014542867517890868,323.4786044878299,300.09905969674037
2026-01-02 00:00:00-05:00,316.4880203907529,322.0807464242433,309.9265541489014,314.74029541015625,32009400,0.0,0.0,59.005961046306076,4.109830602036141,4.897810376885716,-0.7879797748495756,311.2858154296875,311.3276428222656,0.006868949495614229,0.008142261183083766,322.8801584463661,300.27095239347767
2026-01-05 00:00:00-05:00,317.2470486555906,318.60526603903236,314.2209888461081,316.1285095214844,30195600,0.0,0.0,60.32808023417775,4.152895917288902,4.748827484966354,-0.5959315676774519,312.6919860839844,312.1239868164063,0.004410665337652553,0.00667506587918427,322.7591007898892,300.30488541616546
2026-01-06 00:00:00-05:00,315.9886856047422,320.5227923064431,311.3746963103618,313.9313659667969,31212100,0.0,0.0,57.18456628226909,3.964039388782055,4.591869865729494,-0.6278304769474392,313.4090515136719,312.95887349446616,-0.006950159471580952,0.006353339761948221,321.6915787441486,300.7012801425701
2026-01-07 00:00:00-05:00,313.9513421990662,325.72602466406613,313.78158025326775,321.56146240234375,35104400,0.0,0.0,64.16738365204326,4.379569295621934,4.549409751707983,-0.1698404560860487,314.6274658203125,313.70842895507815,0.02430498275331261,0.009326289731963724,323.01324283900385,300.2045458572852
2026-01-08 00:00:00-05:00,328.54234711069296,329.8905982345552,321.08205673508803,325.0169372558594,31896100,0.0,0.0,66.80755420990738,4.930867709003508,4.625701343167088,0.30516636583641965,315.7350250244141,313.9437316894531,0.01074592343155878,0.008884304182288106,324.68331554041373,299.36938831700814
2026-01-09 00:00:00-05:00,326.6647962522232,330.3999246926398,325.37646465172014,328.14288330078125,26214200,0.0,0.0,69.0305821918385,5.555967658011241,4.811754606135919,0.744213051875322,317.1811462402344,314.1215484619141,0.009617794295012638,0.008931831384338604,326.56413966000497,298.3234793585497
2026-01-12 00:00:00-05:00,325.37646891287716,333.6057781716088,324.5775210522192,331.4285888671875,33923900,0.0,0.0,71.2129814790824,6.244510026115108,5.098305690131757,1.1462043359833514,319.0137573242188,314.5249938964844,0.010013033143840833,0.008773688727727623,329.7745893834462,297.0535020472178
2026-01-13 00:00:00-05:00,334.5145706345901,340.04734658205444,333.18628259299794,335.5332336425781,33517600,0.0,0.0,73.70581094414563,7.0402398404600035,5.486692520197407,1.553547320262597,321.25184020996096,315.0576100667318,0.012384703412038789,0.008761620578252619,333.5697596152335,295.92286123437583
2026-01-14 00:00:00-05:00,334.62442706687915,336.08252056576845,330.05039437456895,335.4034118652344,28525600,0.0,0.0,73.4890529176378,7.573088073557926,5.903971630869511,1.6691164426884155,323.44797973632814,315.7618865966797,-0.00038691182966998916,0.00887117015503364,336.67934597712616,295.57168246525663
2026-01-15 00:00:00-05:00,337.2110766328429,337.25103316994193,330.3100554080323,332.347412109375,28442400,0.0,0.0,68.39036064448395,7.6604753061608335,6.255272365927776,1.4052029402330577,325.4234100341797,316.33369140625,-0.009111415232374798,0.009816814469237312,338.6102791934205,296.25834263275135
2026-01-16 00:00:00-05:00,333.97528525413946,334.2149635116852,327.27401649506595,329.5710144042969,40341600,0.0,0.0,64.04304505195444,7.420163203593802,6.488250533460981,0.9319126701328209,326.90648193359374,316.6858642578125,-0.008353901983038203,0.010828007902163582,338.5330283178817,299.6592690453995
2026-01-20 00:00:00-05:00,320.4528849486331,327.30398324237245,320.01345448184367,321.5814208984375,35361000,0.0,0.0,53.50321020070884,6.509977735832081,6.4925959739352015,0.017381761896879233,327.45177307128904,316.8385864257813,-0.02424240347805051,0.014176768461888981,337.8825415375731,302.2612176177003
2026-01-21 00:00:00-05:00,320.50283121296127,332.0478012719212,318.9348648307384,327.953125,35386600,0.0,0.0,59.261371607833695,6.2309657707778,6.440269933303722,-0.209304162525922,328.85394897460935,317.0822692871094,0.019813657405210794,0.0148511405785993,338.15248327367294,304.1105172146083
2026-01-22 00:00:00-05:00,334.0152109953496,334.7142826747097,328.3226090802118,330.11029052734375,26253600,0.0,0.0,61.021322385298404,6.113440076454651,6.374903961933908,-0.26146388547925703,329.7088317871094,317.6422068277995,0.006577664193148758,0.013186273653099583,338.7182812374042,305.6180163700177
2026-01-23 00:00:00-05:00,332.05776231305794,333.2562145369407,327.0243361197249,327.5036926269531,27280000,0.0,0.0,57.77345907917131,5.743758972592559,6.248674964065639,-0.5049159914730801,329.95750732421874,318.00340372721354,-0.007896142517177074,0.013240954095556173,339.1012671592289,306.5912651894039
2026-01-26 00:00:00-05:00,327.3838548641184,335.4034148973675,326.5749102768944,332.8267822265625,26042100,0.0,0.0,62.19833845135343,5.813300765574354,6.161600124367382,-0.3482993587930281,330.4258972167969,318.4378387451172,0.016253525439399175,0.013880474904525169,340.04186782502444,307.56517563200686
2026-01-27 00:00:00-05:00,334.93402312381306,337.4707297257924,333.04649592160257,334.1150817871094,21636200,0.0,0.0,63.203329556348145,5.904306969856407,6.110141493465187,-0.20583452360878063,330.6945465087891,319.17421264648436,0.0038707809267282123,0.013595130006657321,340.9050639059166,308.80323992709117
2026-01-28 00:00:00-05:00,335.6231039588608,337.10119086219134,331.5084650266126,335.57318115234375,27434400,0.0,0.0,64.35828406524357,6.0246381964224724,6.093040834056644,-0.06840263763417198,330.69854125976565,320.063720703125,0.00436406329650052,0.013068074801417584,341.72949820708675,310.22088326263986
2026-01-29 00:00:00-05:00,339.857625711299,341.8450595994438,326.11553330804276,337.810302734375,39785600,0.0,0.0,66.11557483513673,6.228717794191311,6.120176226083578,0.10854156810773308,330.93923034667966,321.06341959635415,0.006666568449686716,0.013228905624753826,342.64863511834034,311.7385749646675
2026-01-30 00:00:00-05:00,339.5580079569619,339.5580079569619,331.8580393103398,337.56060791015625,31024000,0.0,0.0,65.72605709747226,6.297708002543288,6.155682581375521,0.14202542116776762,331.46054992675784,322.10972391764324,-0.0007391569238641704,0.012789993188006677,342.98447798636016,313.8994819745774
2026-02-02 00:00:00-05:00,335.7829045969607,344.38169669555197,335.193675272949,343.2431945800781,32006100,0.0,0.0,70.05053551229,6.733303165063035,6.271206698113024,0.46209646695001094,332.82776794433596,323.67335510253906,0.01683427075541455,0.013081915642852287,344.345662653538,315.38858722439164
2026-02-03 00:00:00-05:00,346.8884575284791,348.5463032010534,337.0312933144156,339.26837158203125,36506700,0.0,0.0,63.97050379431798,6.680768729414524,6.353119104373324,0.3276496250412002,334.5964630126953,324.9134073893229,-0.011580194628212914,0.010357492113160094,344.5961591250929,317.4520769588915
2026-02-04 00:00:00-05:00,342.51417399710857,342.8637251238478,328.0929422734009,332.6070861816406,70618400,0.0,0.0,55.30689914420861,6.032090564366285,6.288913396371917,-0.25682283200563116,335.0618591308594,325.7749532063802,-0.019634265844849064,0.011691154948232576,343.0385717596621,320.87723634580664
2026-02-05 00:00:00-05:00,311.81413592946416,332.2575275064077,306.06161379445837,330.81939697265625,88205800,0.0,0.0,53.22364557806731,5.312517471781405,6.093634211453814,-0.7811167396724095,335.1327697753906,326.48968912760415,-0.005374777878328518,0.011722085084421834,342.44906798862695,322.3925335738731
2026-02-06 00:00:00-05:00,326.75466854448496,329.95052083207565,319.50412705068965,322.4402770996094,56380500,0.0,0.0,44.72081374477735,4.019788050717921,5.678864979306636,-1.659076928588715,334.6264282226563,326.7729868570963,-0.025328381436290015,0.014122849626043833,342.7542085935668,321.8297269533082
2026-02-09 00:00:00-05:00,320.5127991892576,327.2740180221729,316.84758707958963,323.8984069824219,39640100,0.0,0.0,46.32772346611502,3.0774743576222363,5.158586854969756,-2.0811124973475197,333.7335906982422,327.11354471842446,0.004522170418437055,0.012923666111810592,343.030804150234,321.1286837648051
2026-02-10 00:00:00-05:00,320.5527401483992,321.25184233940706,314.2009923012897,318.16583251953125,39170000,0.0,0.0,41.25080235923225,1.8468240784406476,4.496234299663935,-2.6494102212232873,332.1386657714844,327.2823232014974,-0.017698680633528863,0.01350326868049295,343.93863864271333,318.8945736375601
2026-02-11 00:00:00-05:00,318.5553213774315,320.6426005966259,309.25742736560915,310.55572509765625,45406400,0.0,0.0,35.663422036663974,0.2545188621979264,3.6478912121707334,-3.393372349972807,329.6369201660156,327.1957672119141,-0.023918682158958204,0.014309188201654215,345.47160230930047,314.86385911648074
2026-02-12 00:00:00-05:00,311.684307255737,315.82890653132813,306.80067966689137,308.59832763671875,47761300,0.0,0.0,34.37376035775229,-1.15205988088411,2.687900993559765,-3.839960874443875,326.71572265625,327.03431091308596,-0.006302886415383235,0.013430691434816452,346.5641255316818,311.0908274712479
2026-02-13 00:00:00-05:00,307.32996759040856,308.2287915112591,303.31517401115394,305.32257080078125,38499700,0.0,0.0,32.270578385719745,-2.5022653117395635,1.6498677324998994,-4.152133044239463,323.4919189453125,326.7919596354167,-0.010614953298754504,0.013121670504461587,347.8552291955022,307.0972396765681
2026-02-17 00:00:00-05:00,299.6499434457439,304.0442171582303,295.86486207725466,301.6273498535156,39247600,0.0,0.0,30.037868210524934,-3.826378185704641,0.5546185488589913,-4.380996734563633,319.33033447265626,326.3548614501953,-0.01210267861158787,0.009161769556778986,349.32233603939113,302.83576637760103
2026-02-18 00:00:00-05:00,301.6972906518214,304.983022308801,300.8583862777236,302.9356689453125,28482100,0.0,0.0,31.836068990228455,-4.715815772676933,-0.4994683154481936,-4.216347457228739,315.6970642089844,325.91510009765625,0.004337534684544453,0.010658424217025288,350.4420426546835,299.8514845669962
2026-02-19 00:00:00-05:00,301.42763905495286,305.0728879320441,299.64995428739604,302.456298828125,25834400,0.0,0.0,31.516434097151617,-5.397167443924559,-1.4790081411434666,-3.9181593027810924,312.68198547363284,325.5325978597005,-0.0015824155632001569,0.010601936847830788,350.9781312961157,296.7657133083765
2026-02-20 00:00:00-05:00,303.9244103176242,316.0885697634931,303.5049428811186,314.570556640625,53210800,0.0,0.0,46.213179114585536,-4.903104256082372,-2.1638273641312478,-2.7392768919511243,311.0571014404297,325.2995676676432,0.04005291957693391,0.018959635684293267,350.3318841473206,295.8579870684997
2026-02-23 00:00:00-05:00,318.6352220336332,319.1046122516075,309.4671633706354,311.0850524902344,31423000,0.0,0.0,43.33183362188576,-4.738187796053921,-2.6786994505157824,-2.059488345538139,309.9215789794922,324.8351715087891,-0.011080198311034462,0.017747450404986095,349.91664600567356,294.6313611964749
2026-02-24 00:00:00-05:00,310.11633870149166,311.8640638461802,305.53230897934316,310.495849609375,25615600,0.0,0.0,42.84551732625276,-4.601985240418628,-3.0633566084963517,-1.5386286319222764,308.5813232421875,324.24693705240884,-0.0018940250460213193,0.01754245850167972,348.80888963725295,293.5060243031768
2026-02-25 00:00:00-05:00,311.65435118745364,313.23231441520727,309.03776179839537,312.4932556152344,29963600,0.0,0.0,45.095135205001334,-4.28349232895016,-3.3073837525871137,-0.9761085763630466,308.0140655517578,323.6157592773437,0.00643295557210255,0.017115556476120695,347.30429918061077,292.8484321426314
2026-02-26 00:00:00-05:00,312.2335794136705,312.73292940852764,301.95694798569707,306.98040771484375,36431200,0.0,0.0,40.37197384964516,-4.424917460691745,-3.53089049420804,-0.8940269664837048,307.6565338134766,322.66399841308595,-0.017641494020525283,0.01630470382972952,345.46939392694844,291.8240600525437
2026-02-27 00:00:00-05:00,303.7446468483449,311.9639287272481,303.4050620118916,311.354736328125,44640600,0.0,0.0,45.27028484661208,-4.136344925689741,-3.6519813805043806,-0.4843635451853605,307.9321746826172,321.8623758951823,0.014249536789151085,0.016853626364170773,342.81203589039114,291.83586144847607
2026-03-02 00:00:00-05:00,302.83581985466094,308.0889612664211,300.908305641281,306.12152099609375,34790200,0.0,0.0,40.93757218625553,-4.280581969759737,-3.777701498355452,-0.5028804714042852,308.01206970214844,320.98817952473956,-0.016807887343381123,0.017432331539638135,339.89641044906875,291.60757819839216
2026-03-03 00:00:00-05:00,298.2018299939976,303.5448811012492,296.3242691134317,303.1853332519531,35497000,0.0,0.0,38.699608026865775,-4.579032442911114,-3.9379676872665845,-0.6410647556445292,308.16786804199216,320.10865681966146,-0.009591575706884403,0.017249404661417653,334.8994554690939,292.5987470455546
2026-03-04 00:00:00-05:00,302.49628364637806,305.07291645770977,300.3590508331652,302.7359619140625,29536200,0.0,0.0,38.35402829874688,-4.796525741503501,-4.109679298113968,-0.6868464433895332,308.1478973388672,319.4804748535156,-0.0014821671387289514,0.017209203906604627,330.0333208919203,293.8116406559312
2026-03-05 00:00:00-05:00,302.6460874794852,302.90572878105803,297.60263367704704,300.4888916015625,35752300,0.0,0.0,36.594278755104455,-5.0915186842296976,-4.306047175337114,-0.7854715088925834,307.95115661621094,318.56500040690105,-0.007422541736676336,0.01736969098967451,326.387089320529,294.24605276931476
2026-03-06 00:00:00-05:00,295.7050936872067,300.1393243405422,294.7962729857715,298.1319274902344,25576900,0.0,0.0,34.79113850149048,-5.452635435312288,-4.535364827332149,-0.9172706079801394,306.3072937011719,317.4990549723307,-0.007843764535739872,0.009964217487919952,322.5817221864608,294.78267295514075
2026-03-09 00:00:00-04:00,294.1842573074437,306.6168332730834,293.9044256827884,306.1770935058594,29312100,0.21,0.0,44.79097927235794,-5.031643744055771,-4.6346206106768735,-0.39702313337889716,305.8164978027344,316.7881683349609,0.026985254760708344,0.013977035418049906,320.27669860351153,295.46137817871505
2026-03-10 00:00:00-04:00,305.98724420005084,309.3252467158022,305.3875962722132,306.8567199707031,23239700,0.0,0.0,45.55060468117998,-4.590251062895106,-4.62574670112052,0.035495638225413906,305.4525848388672,315.92249959309896,0.0022197168869222406,0.0140246582310323,317.0100850420668,297.0238230389879
2026-03-11 00:00:00-04:00,306.56689883882945,311.23412470378855,305.7374076911934,308.5157470703125,24125700,0.0,0.0,47.45132868793616,-4.05977599064488,-4.5125525590253925,0.4527765683805125,305.054833984375,315.0691884358724,0.005406520345286214,0.01396711813873857,315.1670162209507,297.9018833151821
2026-03-12 00:00:00-04:00,306.636841807898,308.7555713296518,300.8502897843219,303.3687744140625,24928300,0.0,0.0,42.49513493668212,-4.008481077663703,-4.411738262753055,0.4032571850893518,304.69367065429685,313.99570821126304,-0.016683014417014475,0.013844449021205135,314.7059198967075,297.64428457106595
2026-03-13 00:00:00-04:00,306.8267356773544,307.50632242162294,300.26065041451466,302.09954833984375,23693100,0.0,0.0,41.34822689804752,-4.023860863127084,-4.33416278282786,0.3103019197007768,303.7681518554688,312.8053497314453,-0.004183772956429577,0.012758668036355392,314.4815091844181,297.2188173536679
2026-03-16 00:00:00-04:00,304.16832484157635,306.3070315122431,302.8391017033621,305.3775939941406,23519700,0.0,0.0,45.44362027302408,-3.7285580689094218,-4.213041840044173,0.4844837711347516,303.6937591552734,311.7325826009115,0.010850879030806393,0.012411641836280215,314.4836209824496,297.2222078749723
2026-03-17 00:00:00-04:00,305.67739809365116,311.2341070358109,305.3176276402165,310.7344055175781,21955200,0.0,0.0,51.41399658761823,-3.027380794431565,-3.975909630921652,0.948528836490087,304.44866638183595,310.6489562988281,0.01754159974009184,0.013072425308791958,314.96011226614235,297.6564221576858
2026-03-18 00:00:00-04:00,309.0853604878573,312.28346234614037,306.74676108497374,307.5063171386719,20009800,0.0,0.0,48.00470826883719,-2.7010366375945978,-3.720935032256241,1.0198983946616433,304.9257019042969,309.59022115071616,-0.010388577259506704,0.013666717429636035,315.06074797343894,298.0128512697251
2026-03-19 00:00:00-04:00,303.8285227221892,307.8760927647981,302.16951004441273,306.9466552734375,25075800,0.0,0.0,47.41764176726425,-2.459218240289829,-3.4685916738629587,1.00937343357313,305.57147827148435,308.73487345377606,-0.0018200011968599883,0.01336505962724457,315.0775402331346,298.4450946545607
2026-03-20 00:00:00-04:00,305.2776414809433,305.8173276578073,298.0919312440676,300.8203125,44364100,0.0,0.0,41.44296344204667,-2.730445207344758,-3.3209623805593185,0.5905171732145607,305.84031677246094,307.7349039713542,-0.01995898201913937,0.014844731089745256,313.95613572493056,298.1914747487022
2026-03-23 00:00:00-04:00,301.92965766257777,305.7973733016039,300.75036931754545,301.87969970703125,29326900,0.0,0.0,42.78547788560148,-2.82731926236994,-3.222233756921443,0.39491449455150285,305.41057739257815,307.04955139160154,0.003521661147902977,0.011828511254444741,313.3452471859193,297.88182800939325
2026-03-24 00:00:00-04:00,299.02141279307426,299.7409842283802,290.15668188195673,290.2666320800781,36864300,0.0,0.0,33.671974239750725,-3.7973961331310306,-3.3372662321633606,-0.46012990096767004,303.75156860351564,305.9284922281901,-0.03846919033715546,0.016528779168251406,314.5028458032324,294.7013076391504
2026-03-25 00:00:00-04:00,293.2648285118823,295.82329783701033,289.0673235725591,290.7563171386719,29460700,0.0,0.0,34.30739304336139,-4.4750895043166565,-3.56483088659402,-0.9102586177226364,301.9756256103516,305.0148417154948,0.0016870180877650576,0.016298364941393112,314.4325167446038,292.5979428501228
2026-03-26 00:00:00-04:00,287.7381369232671,287.7781215852462,278.33375052565475,280.7523193359375,39080600,0.0,0.0,28.335235720073157,-5.753087389032771,-4.00248218708177,-1.750605201951001,299.71398010253904,304.0213948567708,-0.03440681152238945,0.018437801450453387,316.8167154082268,287.5909353486091
2026-03-27 00:00:00-04:00,277.1144865271076,279.203235317384,273.7864876697142,274.1762390136719,35890600,0.0,0.0,25.226532357255394,-7.213393137648779,-4.6446643771951726,-2.568728760453607,296.92164916992186,302.8739919026693,-0.02342306677223538,0.019040001488560537,318.7860347956629,281.9037662297277
2026-03-30 00:00:00-04:00,276.2550012483934,276.9245842043685,271.9475460941929,273.33673095703125,35141200,0.0,0.0,24.851688160918158,-8.342272721423,-5.384186046040738,-2.9580866753822628,293.7175628662109,301.80779724121095,-0.003061928559749294,0.01786058077360983,320.3514778068587,277.0598442146256
2026-03-31 00:00:00-04:00,277.87403020607053,287.9080147834651,276.9245851168754,287.3883361816406,43875400,0.0,0.0,40.72739308729556,-8.010728129865072,-5.909494462805605,-2.101233667059467,291.38295593261716,301.3331634521484,0.05140767278298308,0.025447400534456564,319.9985829304074,275.8330393840458
2026-04-01 00:00:00-04:00,290.6663854824321,300.34059988895723,290.23664948178913,297.2124938964844,37684500,0.0,0.0,48.86159643095353,-6.875987129256771,-6.102792996095839,-0.7731941331609322,290.35357360839845,301.14239095052085,0.03418426038221156,0.02859275159985255,319.6122544090612,275.6670211036341
2026-04-02 00:00:00-04:00,290.5164904801884,297.90206355243157,289.2772403921399,295.59344482421875,21666500,0.0,0.0,47.699808132405295,-6.037741118826887,-6.0897826206420484,0.05204150181516187,289.21825256347654,300.91362915039065,-0.005447446206045203,0.02859864905264666,319.34412417908356,275.4456066558773
2026-04-06 00:00:00-04:00,295.69337737406744,300.4405418912755,295.0037868253031,299.8109130859375,16945500,0.0,0.0,50.97017294406929,-4.975753287853536,-5.866976754084346,0.8912234662308105,289.1173126220703,300.42164103190106,0.014267800370968198,0.02844394368881309,319.45153813849925,275.50609125603205
2026-04-07 00:00:00-04:00,302.54929810267237,305.4475608650088,297.5422790326475,305.27764892578125,23205400,0.0,0.0,54.906305256773905,-3.6509149112588943,-5.423764385519256,1.7728494742603615,289.4571075439453,300.2280609130859,0.018233945467744705,0.029019506817868565,319.3387468879979,275.52893804852556
2026-04-08 00:00:00-04:00,320.25872115869026,321.88772251879675,314.8319393907938,317.1305847167969,33547100,0.0,0.0,62.024851832205115,-1.625796918788808,-4.664170892173167,3.038373973384359,292.1435028076172,300.44921875,0.03882673963431005,0.027442663774533662,321.1553689009643,274.7397025101685
2026-04-09 00:00:00-04:00,315.72141928886384,319.3492572184689,310.8743084256086,318.29986572265625,23739200,0.0,0.0,62.65121985575988,0.07263756488208628,-3.7168092007621163,3.7894467656442026,294.8978576660156,300.6427724202474,0.003687064768298942,0.02738884285899366,322.8938935774896,273.9795896988776
2026-04-10 00:00:00-04:00,319.8289680511782,321.6378852163977,316.1311948927162,317.0506286621094,19152600,0.0,0.0,61.4843950477695,1.302837835693083,-2.7128797934710764,4.015717629164159,298.52768859863284,300.9784464518229,-0.003924717522926557,0.023369730492706464,324.82512812017,273.41654058100187
2026-04-13 00:00:00-04:00,316.9507009019676,321.43801087893695,315.28168437302884,321.1181945800781,18866400,0.0,0.0,63.84548782242651,2.576300994762562,-1.6550436358243488,4.231344630586911,303.2218841552734,301.30389506022135,0.012829389221314713,0.019707096057655266,327.49613271091715,272.6474006142782
2026-04-14 00:00:00-04:00,324.59612530340485,333.09105123243734,323.5567375910905,332.7112731933594,27721400,0.0,0.0,69.57098369598964,4.469472977488806,-0.4301403131617178,4.899613290650524,309.1593383789062,302.1902201334635,0.03610221659486279,0.019364432095180427,332.2939472081989,270.5829540369183
2026-04-15 00:00:00-04:00,332.69130668872015,337.278563176308,330.70247381548376,336.91876220703125,24918800,0.0,0.0,71.34462421305693,6.2374333641628255,0.9033744223031909,5.3340589418596345,314.1123809814453,303.3146677652995,0.012646066883422513,0.015963560403511382,337.09432783954276,268.4010090745197
2026-04-16 00:00:00-04:00,338.5477782390461,339.67710854893676,334.3202924195682,335.81939697265625,20541500,0.0,0.0,70.19335372274116,7.463807000391341,2.215460937920821,5.24834606247052,317.9730712890625,304.4174489339193,-0.0032629979618038485,0.015649666198317137,341.3909412792251,266.93570361823583
2026-04-17 00:00:00-04:00,337.4484504303517,342.1156763245155,336.0392884001999,341.4760437011719,25581900,0.0,0.0,72.6398074649258,8.79082589030503,3.530533928397663,5.260291961907367,322.5613311767578,305.7836873372396,0.01684431209009718,0.014360144582400007,346.5207069750779,265.2588767651564
2026-04-20 00:00:00-04:00,340.55660000710446,341.1962021124509,336.40905286572576,337.2185974121094,18784200,0.0,0.0,68.1087300574149,9.390707357744645,4.70256861426706,4.688138743477586,326.302099609375,307.0865763346354,-0.012467774438631563,0.016727670177509167,350.4739645325581,264.9454476988872
2026-04-21 00:00:00-04:00,337.48841459650436,339.13742351057505,331.1522029907326,332.0916442871094,23123800,0.0,0.0,63.011421466717586,9.344695638698795,5.630994019153407,3.713701619545388,328.98349914550784,307.9503946940104,-0.015203648803314485,0.01857254607592586,353.17200602895,265.2686006605031
2026-04-22 00:00:00-04:00,336.818816762841,339.6171637007564,334.96994545488326,339.1174621582031,20293000,0.0,0.0,66.69041931385075,9.762618416756425,6.457318898674011,3.305299518082414,331.18218688964845,309.0257527669271,0.02115626211004451,0.016046825409164064,356.54945558046614,266.77623411679946
2026-04-23 00:00:00-04:00,340.9763246437424,341.7558578013153,335.97930940305434,338.6877136230469,18650300,0.0,0.0,66.25631771185024,9.944513947566804,7.15475790845257,2.789756039114234,333.2209716796875,310.03148498535154,-0.0012672556948888358,0.016230436542213914,359.341704385046,268.77712496065715
2026-04-24 00:00:00-04:00,338.5277988797623,345.06387272769797,335.1897964239415,344.19439697265625,26426100,0.0,0.0,69.03746995873165,10.41297648024954,7.806401622811965,2.6065748574375753,335.9353485107422,311.392339070638,0.016258881347370746,0.016065547451527523,361.61606204806964,272.8469750613054
2026-04-27 00:00:00-04:00,345.77347673538645,352.9691603649003,342.5254168368208,350.130859375,28576900,0.0,0.0,71.74145558827755,11.134903083760605,8.472101915001693,2.6628011687589126,338.83661499023435,312.9933827718099,0.017247411505119103,0.01626155575598723,362.95798153050356,279.1005176150042
2026-04-28 00:00:00-04:00,348.34192077884484,352.20963620070955,345.91337868788094,349.5711975097656,27824100,0.0,0.0,71.11095265359444,11.528976221663527,9.08347677633406,2.4454994453294674,340.522607421875,314.4665028889974,-0.0015984362710370625,0.013337205612095651,362.3631652231299,287.31878057765135
2026-04-29 00:00:00-04:00,347.36252924438134,355.5776236260777,344.0045190996302,349.7311096191406,35376300,0.0,0.0,71.18886702748159,11.719095159267965,9.61060045292084,2.108494706347125,341.80384216308596,315.7663930257161,0.00045745218860759884,0.013119560164309938,362.7778255924027,293.1383975521286
2026-04-30 00:00:00-04:00,373.8467067603946,385.6096696957082,365.60163158627074,384.5702819824219,72040000,0.0,0.0,82.35459677773622,14.513691037832132,10.591218569903099,3.9224724679290333,346.6789306640625,318.33519185384114,0.09961702406520634,0.032690999938088175,372.17606521124236,292.47593674188266
2026-05-01 00:00:00-04:00,381.4022037517389,386.52914645154755,378.82372671588394,385.4597778320313,30105200,0.0,0.0,82.54064085720792,16.60874797869502,11.794724451661484,4.814023527033537,351.0773040771484,320.9522959391276,0.002312960442559797,0.03287810630189727,379.2698954052796,294.36873984862666
2026-05-04 00:00:00-04:00,385.39979379858875,387.1487490940992,379.563283786637,383.0212097167969,26298600,0.0,0.0,80.0488309455074,17.866371225407192,13.009053806410627,4.8573174189965656,355.6575653076172,323.69232584635415,-0.006326388005902572,0.03241080426237583,384.40575310805536,297.55391180893685
2026-05-05 00:00:00-04:00,385.9994517026946,392.58551415458055,383.79074899852696,388.1981201171875,23878600,0.0,0.0,81.33693370915753,19.061056123285084,14.219454269785519,4.841601853499565,361.268212890625,326.5696065266927,0.013515988851422689,0.030842313796193975,389.9369784646068,300.31473357152606
2026-05-06 00:00:00-04:00,394.0146525811788,399.61131576273664,392.5255517960256,397.8023986816406,31308500,0.0,0.0,83.46925817278812,20.545996072652542,15.484762630358924,5.061233442293618,367.13670654296874,330.1541320800781,0.024740662220501752,0.030927832315404347,397.54512502700493,300.77376840561226
2026-05-07 00:00:00-04:00,399.6812819584635,399.8611671879692,392.4455831227277,397.7524108886719,24433500,0.0,0.0,83.41583831746621,21.47128052730301,16.68206620974774,4.789214317555267,373.0431762695313,333.7206685384115,-0.00012565985809642743,0.03085700657515627,403.7269282766348,302.537219672584
2026-05-08 00:00:00-04:00,396.7630105926761,401.7600258394352,396.1233780013978,400.5607299804687,21461800,0.0,0.0,84.03405121164327,22.175556987388404,17.780764365275875,4.394792622112529,378.6798095703125,337.7142822265625,0.007060470320022327,0.031005380642071288,409.07263728021064,305.54252080084404
2026-05-11 00:00:00-04:00,393.41500861238904,397.2027547509894,388.23810807955056,388.4080200195313,30753700,0.0,0.0,71.59618743015338,21.50518069014538,18.525647630249775,2.979533059895605,382.5075256347656,341.5220082600911,-0.030339244592274328,0.034224477335061385,411.32634184781625,310.01779877718377
2026-05-12 00:00:00-04:00,387.1087706238473,388.28805889354703,382.541491402114,387.1187744140625,26017500,0.0,0.0,70.40564416787362,20.63203800793582,18.946925705786985,1.6851123021488341,386.2622833251953,345.3147430419922,-0.0033193073752801894,0.03429872632741952,413.5898343429061,313.19505640416423
2026-05-13 00:00:00-04:00,385.3698394939953,403.4590416115898,384.77019153718186,402.3796691894531,28144600,0.0,0.0,75.58170766650582,20.930222236059933,19.343585011841576,1.5866372242183573,391.5271392822266,349.1477874755859,0.039421737678543955,0.03519975046086444,418.05377829878717,315.2772031465254
2026-05-14 00:00:00-04:00,397.04285074569174,402.6894719958145,395.6037078837972,400.8305969238281,21136700,0.0,0.0,74.16376446676816,20.801748590340253,19.635217727541313,1.1665308627989397,393.1531707763672,352.6017242431641,-0.0038497776707889786,0.01887006989513738,421.31299747035683,318.5191039700729
2026-05-15 00:00:00-04:00,396.0834349796574,399.30151410906007,392.9452946767326,396.5431518554687,20309700,0.0,0.0,70.2362737197299,20.122017226099956,19.732577627253043,0.3894395988469128,394.2615081787109,355.9667144775391,-0.010696401675080236,0.01946213745198345,423.5747690512694,321.76404320458994
2026-05-18 00:00:00-04:00,395.4538101055549,408.36608091552193,394.29449886421145,396.70306396484375,26837200,0.0,0.0,70.29945019033309,19.372909946874927,19.66064409117742,-0.2877341443024939,395.62969360351565,359.1964528401693,0.0004032653410526166,0.01921832276237378,424.83858174571037,326.4486771654224
2026-05-19 00:00:00-04:00,396.72302500471704,396.91291402359946,385.8794958446922,387.4285888671875,39545700,0.0,0.0,62.07047424923898,17.82538446451383,19.293592165844704,-1.468207701330872,395.5527404785156,361.9348175048828,-0.023378884460741545,0.020611472887615532,423.5540645760857,333.26688879305493
2026-05-20 00:00:00-04:00,387.4685872554011,393.62488340369265,382.6714341601505,388.6778564453125,31744400,0.0,0.0,62.70377435531476,16.509454113175195,18.736764555310803,-2.2273104421356074,394.6402862548828,364.3197265625,0.00322451056536055,0.018782794087392515,422.42976287235484,339.3472299254967
2026-05-21 00:00:00-04:00,385.46976743485186,392.2656959548347,382.7913440893277,387.4285888671875,24852800,0.0,0.0,61.59620536006775,15.19065595004605,18.027542834257854,-2.836886884211804,393.6079040527344,366.6240173339844,-0.0032141465159613025,0.018771016166015165,420.12626623467787,346.5248140875878
2026-05-22 00:00:00-04:00,387.1187843592316,388.5079387636157,381.5420981620284,382.7413940429687,20442100,0.0,0.0,57.49290260818715,13.610389358197551,17.144112139045795,-3.533722780848244,391.8259704589844,368.81370951334634,-0.012098216184623367,0.01866777799275003,417.3971539134963,353.1086261158005
2026-05-26 00:00:00-04:00,384.2804712769477,389.0276356997364,382.3716078175452,388.6478576660156,27747400,0.0,0.0,61.01704592048597,12.688355487126842,16.252960808662007,-3.564605321535165,391.84995422363284,371.0646982828776,0.015431995898472994,0.01714620438685368,414.9998086334306,359.3576712249678
2026-05-27 00:00:00-04:00,386.4391861502527,393.64487351491664,385.66962629134815,388.5978698730469,23087300,0.0,0.0,60.97097399574623,11.817380003662265,15.365844647662058,-3.548464643999793,391.99786376953125,372.9275848388672,-0.00012861975688982508,0.017103226937850945,410.9547932221189,367.30535387260767
2026-05-28 00:00:00-04:00,387.7683918215114,391.6360768291116,384.9300907577927,389.8971252441406,24357500,0.0,0.0,61.77877615379359,11.10396511028108,14.513468740185864,-3.4095036299047834,390.749609375,374.6935302734375,0.0033434443979794004,0.010522651101789725,403.3795876143713,378.89716104285526
2026-05-29 00:00:00-04:00,385.0100143138995,385.0100143138995,378.2340629764561,380.1129455566406,44415800,0.0,0.0,52.89939702102155,9.637976542272725,13.538370300603237,-3.9003937583305124,388.67784423828124,376.16998189290365,-0.02509425962392897,0.012626014131379445,403.7736828341286,378.05733218051984
2026-06-01 00:00:00-04:00,376.2952290661171,378.3340198477676,373.2970198869562,376.1453247070313,28672100,0.0,0.0,49.77514363990533,8.063070142955212,12.443310269073633,-4.380240126118421,386.6380615234375,377.32562459309895,-0.010438005061361721,0.012613821335365372,404.66751129018894,376.23205841195954
2026-06-02 00:00:00-04:00,366.371163421305,373.31702687507857,358.2260345973877,361.6340026855469,50412300,0.0,0.0,40.38140537400495,5.579683940716734,11.070585003402254,-5.49090106268552,383.1311553955078,378.13947143554685,-0.0385790306785998,0.016204169022486507,408.1581435704913,370.60270542853215
2026-06-03 00:00:00-04:00,361.81388965190393,366.2312646097652,357.8662353535933,358.77569580078125,55441600,0.0,0.0,38.827061808704556,3.3424117636458277,9.524950355450969,-6.182538591805141,380.2658660888672,379.02893981933596,-0.007903866515702074,0.015407644272718983,410.9526593325869,364.86594723479595
2026-06-04 00:00:00-04:00,358.68575901079333,373.0271992966173,357.99616844622375,371.96783447265625,44055500,0.0,0.0,48.65105686805228,2.6038373678151174,8.140727757923798,-5.536890390108681,378.59486389160156,380.1239522298177,0.03676987830078726,0.020741525664817413,410.18818026652355,363.0469698799608
2026-06-05 00:00:00-04:00,366.1213024821565,371.8578661166277,363.90262653478294,368.30999755859375,37471200,0.0,0.0,46.42481282596437,1.703715595967651,6.85332532553257,-5.149609729564919,376.68300476074216,381.1113616943359,-0.009833745219524848,0.02081239297232094,409.41769034235426,360.8732184711223
2026-06-08 00:00:00-04:00,365.1799926757813,366.2000122070313,360.5299987792969,363.30999755859375,27942500,0.22,0.0,43.4949349009674,0.5802160243381991,5.598703465293696,-5.0184874409554965,374.7398651123047,381.74854838053386,-0.013575520711203493,0.02087468470242636,408.24481990878354,358.32101566250554
2026-06-09 00:00:00-04:00,367.0899963378906,372.0799865722656,357.29998779296875,364.260009765625,29535100,0.0,0.0,44.21530928052083,-0.23084638164067428,4.432793495906822,-4.663639877547496,372.30108032226565,382.2195200602213,0.002614880442088685,0.01984899785631837,408.236292585218,355.9147419606805
2026-06-10 00:00:00-04:00,363.19000244140625,368.55999755859375,355.20001220703125,356.3800048828125,32357100,0.0,0.0,39.694808259574685,-1.4922677857328495,3.2477812395788876,-4.7400490253117376,369.0792938232422,382.4464803059896,-0.021632912402002935,0.020268658265218176,408.8564605726798,352.22069702009367
2026-06-11 00:00:00-04:00,355.92999267578125,358.79998779296875,346.3599853515625,357.7699890136719,35538200,0.0,0.0,40.84370996171629,-2.352673082936178,2.1276903750758747,-4.480363458012053,365.8665802001953,382.714442952474,0.003900286525099661,0.020305338053720513,406.41996564083945,350.1962239343559
2026-06-12 00:00:00-04:00,362.6199951171875,366.5700073242187,354.94000244140625,359.67999267578125,24704600,0.0,0.0,42.465757619233365,-2.8476037435062835,1.1326315513594432,-3.980235294865727,363.8232849121094,381.8847666422526,0.005338635773713296,0.019795651971408118,403.4772459324945,349.0238832178961
2026-06-15 00:00:00-04:00,367.9299926757813,372.989990234375,366.5499877929687,369.3500061035156,27727500,0.0,0.0,49.9484482159848,-2.4315215232959986,0.41980093642835487,-2.8513224597243534,363.1437530517578,381.3477742513021,0.02688504677670811,0.022109628717649286,400.60205715903953,349.1797574161558
2026-06-16 00:00:00-04:00,369.6000061035156,376.0,367.05999755859375,373.25,24876100,0.0,0.0,52.62457125052947,-1.7667109086162895,-0.01750143258057402,-1.7492094760357155,364.30535278320315,381.0220672607422,0.010559073594251789,0.018069682494172012,397.4025789727273,350.0339292059836
2026-06-17 00:00:00-04:00,369.1300048828125,372.3299865722656,362.0199890136719,363.7900085449219,24543600,0.0,0.0,46.1753115714087,-1.9803576267667609,-0.41007267141781145,-1.5702849553489493,364.80678405761716,380.2084635416667,-0.0253449201743553,0.020010084494065453,395.7199135866422,349.35273655984224
2026-06-18 00:00:00-04:00,365.75,369.4800109863281,358.6700134277344,368.0299987792969,44470100,0.0,0.0,49.18140675636315,-1.7869436393644946,-0.6854468650071481,-1.1014967743573465,364.4130004882812,379.21605021158854,0.011655048612615904,0.016340596040368967,393.53043950324655,349.47742487663623
2026-06-22 00:00:00-04:00,357.95001220703125,358.9200134277344,341.7200012207031,349.67999267578125,52814800,0.0,0.0,39.02351410332918,-3.078862584678916,-1.1641300089415019,-1.914732575737414,362.55,377.61363627115884,-0.04986008250517615,0.022501179023927235,392.3201450045136,346.9128597562286
2026-06-23 00:00:00-04:00,340.69000244140625,349.2900085449219,340.20001220703125,346.1300048828125,34007700,0.0,0.0,37.413582955106584,-4.339152948855201,-1.7991345969242418,-2.540018351930959,360.8320007324219,375.7992787679037,-0.01015210440209613,0.02238102061112164,391.8259413864216,343.7459244583049
2026-06-24 00:00:00-04:00,349.0400085449219,353.4800109863281,341.92999267578125,345.2900085449219,44997300,0.0,0.0,37.02435533634179,-5.344119147755464,-2.508131507090486,-2.8359876406649778,358.93500061035155,374.36201171875,-0.0024268232341632112,0.0222567835238817,389.56156397612375,341.6745169564934
2026-06-25 00:00:00-04:00,336.7300109863281,345.57000732421875,335.8399963378906,343.7099914550781,44491400,0.0,0.0,36.26021384002806,-6.196625434428313,-3.2458302925580518,-2.950795141870261,357.6679992675781,372.91505228678386,-0.0045759131476235115,0.02149002797236049,386.6871857910834,340.06010729973696
2026-06-26 00:00:00-04:00,342.54998779296875,346.3599853515625,330.20001220703125,337.3900146484375,114642600,0.0,0.0,33.29971322310536,-7.298084345206803,-4.0562811030878025,-3.2418032421190004,355.6300018310547,370.74873046875,-0.018387527170465212,0.021802017954430916,383.33771301760476,338.15886901364524
2026-06-29 00:00:00-04:00,341.82501220703125,354.3500061035156,340.6700134277344,353.6499938964844,32451932,0.0,0.0,45.60479718062486,-6.780789314260801,-4.601182745322403,-2.1796065689383983,355.027001953125,369.17604370117186,0.04819342168436691,0.027630559479232448,380.3621514227192,338.48813544251516
